axis_0_face_position_m,relative_permittivity_face,electric_field_axis_0_v_per_m,electric_displacement_axis_0_c_per_m2
5e-10,4.0,-37037037.03703681,-0.0013117315278222141
1.5000000000000002e-09,4.0,-37037037.03703681,-0.0013117315278222141
2.5e-09,4.0,-37037037.0370368,-0.001311731527822214
3.5000000000000003e-09,4.0,-37037037.037036836,-0.0013117315278222152
4.500000000000001e-09,4.0,-37037037.037036866,-0.0013117315278222163
5.5000000000000004e-09,4.0,-37037037.037036866,-0.0013117315278222163
6.5e-09,4.0,-37037037.037036866,-0.0013117315278222163
7.500000000000001e-09,4.0,-37037037.03703698,-0.0013117315278222202
8.5e-09,4.0,-37037037.03703698,-0.0013117315278222202
9.5e-09,4.0,-37037037.03703692,-0.001311731527822218
1.0500000000000001e-08,4.0,-37037037.03703698,-0.0013117315278222202
1.15e-08,4.0,-37037037.03703703,-0.0013117315278222221
1.2500000000000001e-08,4.0,-37037037.03703709,-0.001311731527822224
1.3500000000000002e-08,4.0,-37037037.03703709,-0.001311731527822224
1.45e-08,4.0,-37037037.03703698,-0.0013117315278222202
1.55e-08,4.0,-37037037.03703731,-0.0013117315278222321
1.6500000000000002e-08,4.0,-37037037.0370372,-0.0013117315278222282
1.75e-08,4.0,-37037037.037037425,-0.001311731527822236
1.85e-08,4.0,-37037037.0370372,-0.0013117315278222282
1.9500000000000003e-08,4.0,-37037037.03703709,-0.001311731527822224
2.05e-08,6.0,-24691358.024691466,-0.001311731527822228
2.15e-08,12.0,-12345679.0123464,-0.001311731527822299
2.2500000000000003e-08,12.0,-12345679.012346176,-0.0013117315278222753
2.3500000000000002e-08,12.0,-12345679.012346067,-0.0013117315278222636
2.45e-08,12.0,-12345679.012345845,-0.00131173152782224
2.5500000000000003e-08,12.0,-12345679.012345845,-0.00131173152782224
2.65e-08,12.0,-12345679.01234529,-0.001311731527822181
2.75e-08,12.0,-12345679.012346067,-0.0013117315278222636
2.8500000000000004e-08,12.0,-12345679.012346176,-0.0013117315278222753
2.9500000000000003e-08,12.0,-12345679.012345511,-0.0013117315278222046
3.05e-08,12.0,-12345679.012345621,-0.0013117315278222163
3.15e-08,12.0,-12345679.012345511,-0.0013117315278222046
3.2500000000000006e-08,12.0,-12345679.012345733,-0.001311731527822228
3.35e-08,12.0,-12345679.012345621,-0.0013117315278222163
3.45e-08,12.0,-12345679.0123454,-0.0013117315278221926
3.550000000000001e-08,12.0,-12345679.012345066,-0.0013117315278221573
3.65e-08,12.0,-12345679.0123454,-0.0013117315278221926
3.75e-08,12.0,-12345679.012345621,-0.0013117315278222163
3.850000000000001e-08,12.0,-12345679.012345621,-0.0013117315278222163
3.95e-08,12.0,-12345679.0123454,-0.0013117315278221926
